{
    "transform": [
        [
            0.9985570311546326,
            0.00011346174869686365,
            -0.05370177701115608,
            -5.272208780660037e-10
        ],
        [
            0.00011346174869686365,
            0.9999910593032837,
            0.00422255601733923,
            -9.154998537042047e-09
        ],
        [
            0.05370177701115608,
            -0.00422255601733923,
            0.9985480904579163,
            -3.027530309784865e-11
        ]
    ],
    "scale": 0.345559263278866
}